date,adj_close
1/2/1984,164.93
1/3/1984,164.04
1/4/1984,166.78
1/5/1984,168.81
1/6/1984,169.28
1/9/1984,168.9
1/10/1984,167.95
1/11/1984,167.79
1/12/1984,167.75
1/13/1984,167.02
1/16/1984,167.18
1/17/1984,167.83
1/18/1984,167.55
1/19/1984,167.04
1/20/1984,166.21
1/23/1984,164.87
1/24/1984,165.94
1/25/1984,164.84
1/26/1984,164.24
1/27/1984,163.94
1/30/1984,162.87
1/31/1984,163.41
2/1/1984,162.74
2/2/1984,163.36
2/3/1984,160.91
2/6/1984,158.08
2/7/1984,158.74
2/8/1984,155.85
2/9/1984,155.42
2/10/1984,156.3
2/13/1984,154.95
2/14/1984,156.61
2/15/1984,156.25
2/16/1984,156.13
2/17/1984,155.74
2/20/1984,155.74
2/21/1984,154.64
2/22/1984,154.31
2/23/1984,154.29
2/24/1984,157.51
2/27/1984,159.3
2/28/1984,156.82
2/29/1984,156.82
3/1/1984,158.19
3/2/1984,159.24
3/5/1984,157.89
3/6/1984,156.25
3/7/1984,154.57
3/8/1984,155.19
3/9/1984,154.35
3/12/1984,156.34
3/13/1984,156.78
3/14/1984,156.77
3/15/1984,157.41
3/16/1984,159.27
3/19/1984,157.78
3/20/1984,158.86
3/21/1984,158.66
3/22/1984,156.69
3/23/1984,156.86
3/26/1984,156.97
3/27/1984,157.3
3/28/1984,159.88
3/29/1984,159.52
3/30/1984,159.18
4/2/1984,157.98
4/3/1984,157.6
4/4/1984,157.54
4/5/1984,155.04
4/6/1984,155.48
4/9/1984,155.45
4/10/1984,155.87
4/11/1984,155
4/12/1984,157.73
4/13/1984,157.31
4/16/1984,158.32
4/17/1984,158.97
4/18/1984,157.9
4/19/1984,158.02
4/20/1984,158.02
4/23/1984,156.8
4/24/1984,158.07
4/25/1984,158.65
4/26/1984,160.34
4/27/1984,159.89
4/30/1984,160.05
5/1/1984,161.68
5/2/1984,161.9
5/3/1984,161.2
5/4/1984,159.11
5/7/1984,159.47
5/8/1984,160.52
5/9/1984,160.11
5/10/1984,160
5/11/1984,158.49
5/14/1984,157.5
5/15/1984,158
5/16/1984,157.99
5/17/1984,156.06
5/18/1984,155.78
5/21/1984,154.73
5/22/1984,153.88
5/23/1984,153.15
5/24/1984,151.23
5/25/1984,151.62
5/28/1984,151.62
5/29/1984,150.29
5/30/1984,150.35
5/31/1984,150.55
6/1/1984,153.24
6/4/1984,154.34
6/5/1984,153.65
6/6/1984,155.01
6/7/1984,154.92
6/8/1984,155.17
6/11/1984,153.06
6/12/1984,152.19
6/13/1984,152.13
6/14/1984,150.39
6/15/1984,149.03
6/18/1984,151.73
6/19/1984,152.61
6/20/1984,154.84
6/21/1984,154.51
6/22/1984,154.46
6/25/1984,153.97
6/26/1984,152.71
6/27/1984,151.64
6/28/1984,152.84
6/29/1984,153.18
7/2/1984,153.2
7/3/1984,153.7
7/4/1984,153.7
7/5/1984,152.76
7/6/1984,152.24
7/9/1984,153.36
7/10/1984,152.89
7/11/1984,150.56
7/12/1984,150.03
7/13/1984,150.88
7/16/1984,151.6
7/17/1984,152.38
7/18/1984,151.4
7/19/1984,150.37
7/20/1984,149.55
7/23/1984,148.95
7/24/1984,147.82
7/25/1984,148.83
7/26/1984,150.08
7/27/1984,151.19
7/30/1984,150.19
7/31/1984,150.66
8/1/1984,154.08
8/2/1984,157.99
8/3/1984,162.37
8/6/1984,162.6
8/7/1984,163.55
8/8/1984,161.75
8/9/1984,165.54
8/10/1984,165.42
8/13/1984,165.43
8/14/1984,164.42
8/15/1984,162.8
8/16/1984,163.77
8/17/1984,164.14
8/20/1984,164.94
8/21/1984,167.83
8/22/1984,167.06
8/23/1984,167.12
8/24/1984,167.51
8/27/1984,166.44
8/28/1984,167.4
8/29/1984,167.09
8/30/1984,166.6
8/31/1984,166.68
9/3/1984,166.68
9/4/1984,164.88
9/5/1984,164.29
9/6/1984,165.65
9/7/1984,164.37
9/10/1984,164.26
9/11/1984,164.45
9/12/1984,164.68
9/13/1984,167.94
9/14/1984,168.78
9/17/1984,168.87
9/18/1984,167.65
9/19/1984,166.94
9/20/1984,167.47
9/21/1984,165.67
9/24/1984,165.28
9/25/1984,165.62
9/26/1984,166.28
9/27/1984,166.96
9/28/1984,166.1
10/1/1984,164.62
10/2/1984,163.59
10/3/1984,162.44
10/4/1984,162.92
10/5/1984,162.68
10/8/1984,162.13
10/9/1984,161.67
10/10/1984,162.11
10/11/1984,162.78
10/12/1984,164.18
10/15/1984,165.77
10/16/1984,164.78
10/17/1984,164.14
10/18/1984,168.1
10/19/1984,167.96
10/22/1984,167.36
10/23/1984,167.09
10/24/1984,167.2
10/25/1984,166.31
10/26/1984,165.29
10/29/1984,164.78
10/30/1984,166.84
10/31/1984,166.09
11/1/1984,167.49
11/2/1984,167.41
11/5/1984,168.58
11/6/1984,170.41
11/7/1984,169.17
11/8/1984,168.68
11/9/1984,167.6
11/12/1984,167.36
11/13/1984,165.97
11/14/1984,165.99
11/15/1984,165.89
11/16/1984,164.1
11/19/1984,163.09
11/20/1984,164.18
11/21/1984,164.52
11/22/1984,164.52
11/23/1984,166.92
11/26/1984,165.55
11/27/1984,166.29
11/28/1984,165.02
11/29/1984,163.91
11/30/1984,163.58
12/3/1984,162.82
12/4/1984,163.38
12/5/1984,162.1
12/6/1984,162.76
12/7/1984,162.26
12/10/1984,162.83
12/11/1984,163.07
12/12/1984,162.63
12/13/1984,161.81
12/14/1984,162.68
12/17/1984,163.61
12/18/1984,168.11
12/19/1984,167.16
12/20/1984,166.38
12/21/1984,165.51
12/24/1984,166.76
12/25/1984,166.76
12/26/1984,166.47
12/27/1984,165.75
12/28/1984,166.26
12/31/1984,167.24
1/1/1985,167.24
1/2/1985,165.37
1/3/1985,164.57
1/4/1985,163.68
1/7/1985,164.24
1/8/1985,163.99
1/9/1985,165.18
1/10/1985,168.31
1/11/1985,167.91
1/14/1985,170.51
1/15/1985,170.81
1/16/1985,171.19
1/17/1985,170.73
1/18/1985,171.32
1/21/1985,175.23
1/22/1985,175.48
1/23/1985,177.3
1/24/1985,176.71
1/25/1985,177.35
1/28/1985,177.4
1/29/1985,179.18
1/30/1985,179.39
1/31/1985,179.63
2/1/1985,178.63
2/4/1985,180.35
2/5/1985,180.61
2/6/1985,180.43
2/7/1985,181.82
2/8/1985,182.19
2/11/1985,180.51
2/12/1985,180.56
2/13/1985,183.35
2/14/1985,182.41
2/15/1985,181.6
2/18/1985,181.6
2/19/1985,181.33
2/20/1985,181.18
2/21/1985,180.18
2/22/1985,179.36
2/25/1985,179.23
2/26/1985,181.17
2/27/1985,180.71
2/28/1985,181.18
3/1/1985,183.25
3/4/1985,182.06
3/5/1985,182.23
3/6/1985,180.65
3/7/1985,179.51
3/8/1985,179.1
3/11/1985,178.79
3/12/1985,179.66
3/13/1985,178.19
3/14/1985,177.61
3/15/1985,176.53
3/18/1985,176.88
3/19/1985,179.54
3/20/1985,179.08
3/21/1985,179.35
3/22/1985,179.04
3/25/1985,177.97
3/26/1985,178.43
3/27/1985,179.54
3/28/1985,179.54
3/29/1985,180.66
4/1/1985,181.27
4/2/1985,180.53
4/3/1985,179.11
4/4/1985,179.03
4/5/1985,179.03
4/8/1985,178.03
4/9/1985,178.21
4/10/1985,179.42
4/11/1985,180.19
4/12/1985,180.54
4/15/1985,180.92
4/16/1985,181.19
4/17/1985,181.68
4/18/1985,180.84
4/19/1985,181.11
4/22/1985,180.7
4/23/1985,181.88
4/24/1985,182.26
4/25/1985,183.43
4/26/1985,182.18
4/29/1985,180.63
4/30/1985,179.83
5/1/1985,178.37
5/2/1985,179.01
5/3/1985,180.08
5/6/1985,179.99
5/7/1985,180.76
5/8/1985,180.62
5/9/1985,181.92
5/10/1985,184.28
5/13/1985,184.61
5/14/1985,183.87
5/15/1985,184.54
5/16/1985,185.66
5/17/1985,187.42
5/20/1985,189.72
5/21/1985,189.64
5/22/1985,188.56
5/23/1985,187.6
5/24/1985,188.29
5/27/1985,188.29
5/28/1985,187.85
5/29/1985,187.68
5/30/1985,187.75
5/31/1985,189.55
6/3/1985,189.32
6/4/1985,190.04
6/5/1985,190.16
6/6/1985,191.06
6/7/1985,189.68
6/10/1985,189.51
6/11/1985,189.04
6/12/1985,187.61
6/13/1985,185.33
6/14/1985,187.1
6/17/1985,186.53
6/18/1985,187.34
6/19/1985,186.63
6/20/1985,186.73
6/21/1985,189.61
6/24/1985,189.15
6/25/1985,189.74
6/26/1985,190.06
6/27/1985,191.23
6/28/1985,191.85
7/1/1985,192.43
7/2/1985,192.01
7/3/1985,191.45
7/4/1985,191.45
7/5/1985,192.52
7/8/1985,191.93
7/9/1985,191.05
7/10/1985,192.37
7/11/1985,192.94
7/12/1985,193.29
7/15/1985,192.72
7/16/1985,194.72
7/17/1985,195.65
7/18/1985,194.39
7/19/1985,195.13
7/22/1985,194.35
7/23/1985,192.55
7/24/1985,191.58
7/25/1985,192.06
7/26/1985,192.4
7/29/1985,189.6
7/30/1985,189.93
7/31/1985,190.92
8/1/1985,192.11
8/2/1985,191.48
8/5/1985,190.62
8/6/1985,187.93
8/7/1985,187.68
8/8/1985,188.95
8/9/1985,188.32
8/12/1985,187.63
8/13/1985,187.3
8/14/1985,187.41
8/15/1985,187.26
8/16/1985,186.1
8/19/1985,186.38
8/20/1985,188.08
8/21/1985,189.16
8/22/1985,187.36
8/23/1985,187.17
8/26/1985,187.31
8/27/1985,188.1
8/28/1985,188.83
8/29/1985,188.93
8/30/1985,188.63
9/2/1985,188.63
9/3/1985,187.91
9/4/1985,187.37
9/5/1985,187.27
9/6/1985,188.24
9/9/1985,188.25
9/10/1985,186.9
9/11/1985,185.03
9/12/1985,183.69
9/13/1985,182.91
9/16/1985,182.88
9/17/1985,181.36
9/18/1985,181.71
9/19/1985,183.39
9/20/1985,182.05
9/23/1985,184.3
9/24/1985,182.62
9/25/1985,180.66
9/26/1985,181.29
9/27/1985,181.29
9/30/1985,182.08
10/1/1985,185.07
10/2/1985,184.06
10/3/1985,184.36
10/4/1985,183
10/7/1985,181.87
10/8/1985,181.87
10/9/1985,182.52
10/10/1985,182.78
10/11/1985,184.28
10/14/1985,186.37
10/15/1985,186.08
10/16/1985,187.98
10/17/1985,187.66
10/18/1985,187.04
10/21/1985,186.96
10/22/1985,188.04
10/23/1985,189.09
10/24/1985,188.5
10/25/1985,187.52
10/28/1985,187.76
10/29/1985,189.23
10/30/1985,190.07
10/31/1985,189.82
11/1/1985,191.48
11/4/1985,191.25
11/5/1985,192.37
11/6/1985,192.76
11/7/1985,192.62
11/8/1985,193.72
11/11/1985,197.29
11/12/1985,198.08
11/13/1985,197.1
11/14/1985,199.06
11/15/1985,198.11
11/18/1985,198.7
11/19/1985,198.67
11/20/1985,198.99
11/21/1985,201.43
11/22/1985,201.52
11/25/1985,200.35
11/26/1985,200.67
11/27/1985,202.54
11/28/1985,202.54
11/29/1985,202.17
12/2/1985,200.46
12/3/1985,200.86
12/4/1985,204.23
12/5/1985,203.88
12/6/1985,202.99
12/9/1985,204.25
12/10/1985,204.4
12/11/1985,206.31
12/12/1985,206.73
12/13/1985,209.94
12/16/1985,212.02
12/17/1985,210.65
12/18/1985,209.81
12/19/1985,210.02
12/20/1985,210.94
12/23/1985,208.57
12/24/1985,207.14
12/25/1985,207.14
12/26/1985,207.65
12/27/1985,209.61
12/30/1985,210.68
12/31/1985,211.28
1/1/1986,211.28
1/2/1986,209.59
1/3/1986,210.88
1/6/1986,210.65
1/7/1986,213.8
1/8/1986,207.97
1/9/1986,206.11
1/10/1986,205.96
1/13/1986,206.72
1/14/1986,206.34
1/15/1986,208.26
1/16/1986,209.17
1/17/1986,208.43
1/20/1986,207.53
1/21/1986,205.79
1/22/1986,203.49
1/23/1986,204.25
1/24/1986,206.43
1/27/1986,207.39
1/28/1986,209.81
1/29/1986,210.29
1/30/1986,209.33
1/31/1986,211.78
2/3/1986,213.96
2/4/1986,212.79
2/5/1986,212.96
2/6/1986,213.47
2/7/1986,214.56
2/10/1986,216.24
2/11/1986,215.92
2/12/1986,215.97
2/13/1986,217.4
2/14/1986,219.76
2/17/1986,219.76
2/18/1986,222.45
2/19/1986,219.76
2/20/1986,222.22
2/21/1986,224.62
2/24/1986,224.34
2/25/1986,223.79
2/26/1986,224.04
2/27/1986,226.77
2/28/1986,226.92
3/3/1986,225.42
3/4/1986,224.38
3/5/1986,224.34
3/6/1986,225.13
3/7/1986,225.57
3/10/1986,226.58
3/11/1986,231.69
3/12/1986,232.54
3/13/1986,233.19
3/14/1986,236.55
3/17/1986,234.67
3/18/1986,235.78
3/19/1986,235.6
3/20/1986,236.54
3/21/1986,233.34
3/24/1986,235.33
3/25/1986,234.72
3/26/1986,237.3
3/27/1986,238.97
3/28/1986,238.97
3/31/1986,238.9
4/1/1986,235.14
4/2/1986,235.71
4/3/1986,232.47
4/4/1986,228.69
4/7/1986,228.63
4/8/1986,233.52
4/9/1986,233.75
4/10/1986,236.44
4/11/1986,235.98
4/14/1986,237.79
4/15/1986,237.73
4/16/1986,242.22
4/17/1986,243.03
4/18/1986,242.38
4/21/1986,244.74
4/22/1986,242.42
4/23/1986,241.75
4/24/1986,242.02
4/25/1986,241.98
4/28/1986,243.08
4/29/1986,240.51
4/30/1986,235.52
5/1/1986,235.16
5/2/1986,234.79
5/5/1986,237.73
5/6/1986,237.24
5/7/1986,236.08
5/8/1986,237.96
5/9/1986,237.85
5/12/1986,237.58
5/13/1986,236.43
5/14/1986,237.54
5/15/1986,234.43
5/16/1986,232.75
5/19/1986,233.2
5/20/1986,236.11
5/21/1986,235.45
5/22/1986,240.12
5/23/1986,241.35
5/26/1986,241.35
5/27/1986,244.75
5/28/1986,246.63
5/29/1986,247.98
5/30/1986,247.35
6/2/1986,245.04
6/3/1986,245.51
6/4/1986,243.94
6/5/1986,245.65
6/6/1986,245.67
6/9/1986,239.96
6/10/1986,239.58
6/11/1986,241.13
6/12/1986,241.49
6/13/1986,245.72
6/16/1986,246.13
6/17/1986,244.35
6/18/1986,244.99
6/19/1986,244.06
6/20/1986,247.56
6/23/1986,245.26
6/24/1986,247.03
6/25/1986,248.93
6/26/1986,248.74
6/27/1986,249.6
6/30/1986,250.84
7/1/1986,252.04
7/2/1986,252.7
7/3/1986,251.79
7/4/1986,251.79
7/7/1986,244.05
7/8/1986,241.59
7/9/1986,242.82
7/10/1986,243.01
7/11/1986,242.22
7/14/1986,238.11
7/15/1986,233.66
7/16/1986,235.01
7/17/1986,236.07
7/18/1986,236.36
7/21/1986,236.24
7/22/1986,238.18
7/23/1986,238.67
7/24/1986,237.95
7/25/1986,240.22
7/28/1986,236.01
7/29/1986,234.55
7/30/1986,236.59
7/31/1986,236.12
8/1/1986,234.91
8/4/1986,235.99
8/5/1986,237.03
8/6/1986,236.84
8/7/1986,237.04
8/8/1986,236.88
8/11/1986,240.68
8/12/1986,243.34
8/13/1986,245.67
8/14/1986,246.22
8/15/1986,247.15
8/18/1986,247.38
8/19/1986,246.51
8/20/1986,249.77
8/21/1986,249.67
8/22/1986,250.19
8/25/1986,247.81
8/26/1986,252.84
8/27/1986,253
8/28/1986,252.84
8/29/1986,252.93
9/1/1986,252.93
9/2/1986,248.52
9/3/1986,250.08
9/4/1986,253.82
9/5/1986,250.48
9/8/1986,248.14
9/9/1986,247.67
9/10/1986,247.06
9/11/1986,235.18
9/12/1986,230.68
9/15/1986,231.94
9/16/1986,231.72
9/17/1986,231.68
9/18/1986,232.31
9/19/1986,232.21
9/22/1986,234.93
9/23/1986,235.67
9/24/1986,236.28
9/25/1986,231.83
9/26/1986,232.23
9/29/1986,229.91
9/30/1986,231.32
10/1/1986,233.6
10/2/1986,233.92
10/3/1986,233.71
10/6/1986,234.78
10/7/1986,234.41
10/8/1986,236.68
10/9/1986,235.85
10/10/1986,235.48
10/13/1986,235.91
10/14/1986,235.37
10/15/1986,238.8
10/16/1986,239.53
10/17/1986,238.84
10/20/1986,235.97
10/21/1986,235.88
10/22/1986,236.26
10/23/1986,239.28
10/24/1986,238.26
10/27/1986,238.77
10/28/1986,239.26
10/29/1986,240.94
10/30/1986,243.71
10/31/1986,243.98
11/3/1986,245.8
11/4/1986,246.2
11/5/1986,246.58
11/6/1986,245.87
11/7/1986,245.77
11/10/1986,246.13
11/11/1986,247.08
11/12/1986,246.64
11/13/1986,243.02
11/14/1986,244.5
11/17/1986,243.21
11/18/1986,236.78
11/19/1986,237.66
11/20/1986,242.05
11/21/1986,245.86
11/24/1986,247.45
11/25/1986,248.17
11/26/1986,248.77
11/27/1986,248.77
11/28/1986,249.22
12/1/1986,249.05
12/2/1986,254
12/3/1986,253.83
12/4/1986,253.04
12/5/1986,251.17
12/8/1986,251.16
12/9/1986,249.28
12/10/1986,250.96
12/11/1986,248.17
12/12/1986,247.35
12/15/1986,248.21
12/16/1986,250.04
12/17/1986,247.56
12/18/1986,246.78
12/19/1986,249.44
12/22/1986,248.75
12/23/1986,246.34
12/24/1986,246.75
12/25/1986,246.75
12/26/1986,246.92
12/29/1986,244.67
12/30/1986,243.37
12/31/1986,242.17
1/1/1987,242.17
1/2/1987,246.45
1/5/1987,252.19
1/6/1987,252.78
1/7/1987,255.33
1/8/1987,257.28
1/9/1987,258.73
1/12/1987,260.3
1/13/1987,259.95
1/14/1987,262.64
1/15/1987,265.49
1/16/1987,266.28
1/19/1987,269.34
1/20/1987,269.04
1/21/1987,267.84
1/22/1987,273.91
1/23/1987,270.11
1/26/1987,269.61
1/27/1987,273.75
1/28/1987,275.4
1/29/1987,274.24
1/30/1987,274.08
2/2/1987,276.45
2/3/1987,275.99
2/4/1987,279.64
2/5/1987,281.16
2/6/1987,280.04
2/9/1987,278.16
2/10/1987,275.07
2/11/1987,277.54
2/12/1987,275.62
2/13/1987,279.7
2/16/1987,279.7
2/17/1987,285.49
2/18/1987,285.42
2/19/1987,285.57
2/20/1987,285.48
2/23/1987,282.38
2/24/1987,282.88
2/25/1987,284
2/26/1987,282.96
2/27/1987,284.2
3/2/1987,283
3/3/1987,284.12
3/4/1987,288.62
3/5/1987,290.52
3/6/1987,290.66
3/9/1987,288.3
3/10/1987,290.86
3/11/1987,290.31
3/12/1987,291.22
3/13/1987,289.89
3/16/1987,288.23
3/17/1987,292.47
3/18/1987,292.78
3/19/1987,294.08
3/20/1987,298.17
3/23/1987,301.16
3/24/1987,301.64
3/25/1987,300.38
3/26/1987,300.93
3/27/1987,296.13
3/30/1987,289.2
3/31/1987,291.7
4/1/1987,292.39
4/2/1987,293.63
4/3/1987,300.41
4/6/1987,301.95
4/7/1987,296.69
4/8/1987,297.26
4/9/1987,292.86
4/10/1987,292.49
4/13/1987,285.62
4/14/1987,279.16
4/15/1987,284.44
4/16/1987,286.91
4/17/1987,286.91
4/20/1987,286.09
4/21/1987,293.07
4/22/1987,287.19
4/23/1987,286.82
4/24/1987,281.52
4/27/1987,281.83
4/28/1987,282.51
4/29/1987,284.57
4/30/1987,288.36
5/1/1987,288.03
5/4/1987,289.36
5/5/1987,295.34
5/6/1987,295.47
5/7/1987,294.71
5/8/1987,293.37
5/11/1987,291.57
5/12/1987,293.3
5/13/1987,293.98
5/14/1987,294.24
5/15/1987,287.43
5/18/1987,286.65
5/19/1987,279.62
5/20/1987,278.21
5/21/1987,280.17
5/22/1987,282.16
5/25/1987,282.16
5/26/1987,289.11
5/27/1987,288.73
5/28/1987,290.76
5/29/1987,290.1
6/1/1987,289.83
6/2/1987,288.46
6/3/1987,293.47
6/4/1987,295.09
6/5/1987,293.45
6/8/1987,296.72
6/9/1987,297.28
6/10/1987,297.47
6/11/1987,298.73
6/12/1987,301.62
6/15/1987,302.69
6/16/1987,304.76
6/17/1987,304.81
6/18/1987,305.69
6/19/1987,306.97
6/22/1987,309.65
6/23/1987,308.43
6/24/1987,306.86
6/25/1987,308.96
6/26/1987,307.16
6/29/1987,307.9
6/30/1987,304
7/1/1987,302.94
7/2/1987,305.63
7/3/1987,305.63
7/6/1987,304.92
7/7/1987,307.4
7/8/1987,308.29
7/9/1987,307.52
7/10/1987,308.37
7/13/1987,307.63
7/14/1987,310.68
7/15/1987,310.42
7/16/1987,312.1
7/17/1987,314.59
7/20/1987,311.39
7/21/1987,308.55
7/22/1987,308.47
7/23/1987,307.81
7/24/1987,309.27
7/27/1987,310.65
7/28/1987,312.33
7/29/1987,315.65
7/30/1987,318.05
7/31/1987,318.66
8/3/1987,317.57
8/4/1987,316.23
8/5/1987,318.45
8/6/1987,322.09
8/7/1987,323
8/10/1987,328
8/11/1987,333.33
8/12/1987,332.39
8/13/1987,334.65
8/14/1987,333.99
8/17/1987,334.11
8/18/1987,329.25
8/19/1987,329.83
8/20/1987,334.84
8/21/1987,335.9
8/24/1987,333.33
8/25/1987,336.77
8/26/1987,334.57
8/27/1987,331.38
8/28/1987,327.04
8/31/1987,329.8
9/1/1987,323.4
9/2/1987,321.68
9/3/1987,320.21
9/4/1987,316.7
9/7/1987,316.7
9/8/1987,313.56
9/9/1987,313.92
9/10/1987,317.13
9/11/1987,321.98
9/14/1987,323.08
9/15/1987,317.74
9/16/1987,314.86
9/17/1987,314.93
9/18/1987,314.86
9/21/1987,310.54
9/22/1987,319.5
9/23/1987,321.19
9/24/1987,319.72
9/25/1987,320.16
9/28/1987,323.2
9/29/1987,321.69
9/30/1987,321.83
10/1/1987,327.34
10/2/1987,328.07
10/5/1987,328.08
10/6/1987,319.22
10/7/1987,318.54
10/8/1987,314.16
10/9/1987,311.05
10/12/1987,309.39
10/13/1987,314.52
10/14/1987,305.23
10/15/1987,298.08
10/16/1987,282.7
10/19/1987,224.99
10/20/1987,236.83
10/21/1987,258.38
10/22/1987,248.25
10/23/1987,248.22
10/26/1987,227.67
10/27/1987,233.19
10/28/1987,233.28
10/29/1987,244.77
10/30/1987,251.79
11/2/1987,255.74
11/3/1987,250.82
11/4/1987,248.96
11/5/1987,254.48
11/6/1987,250.41
11/9/1987,243.17
11/10/1987,239
11/11/1987,241.9
11/12/1987,248.52
11/13/1987,245.64
11/16/1987,246.76
11/17/1987,243.04
11/18/1987,245.55
11/19/1987,240.05
11/20/1987,242
11/23/1987,242.99
11/24/1987,246.39
11/25/1987,244.1
11/26/1987,244.1
11/27/1987,240.34
11/30/1987,230.3
12/1/1987,232
12/2/1987,233.45
12/3/1987,225.21
12/4/1987,223.92
12/7/1987,228.76
12/8/1987,234.91
12/9/1987,238.89
12/10/1987,233.57
12/11/1987,235.32
12/14/1987,242.19
12/15/1987,242.8
12/16/1987,248.08
12/17/1987,242.98
12/18/1987,249.16
12/21/1987,249.54
12/22/1987,249.95
12/23/1987,253.16
12/24/1987,252.02
12/25/1987,252.02
12/28/1987,245.57
12/29/1987,244.59
12/30/1987,247.86
12/31/1987,247.08
1/1/1988,247.08
1/4/1988,255.94
1/5/1988,258.63
1/6/1988,258.89
1/7/1988,261.07
1/8/1988,243.4
1/11/1988,247.49
1/12/1988,245.42
1/13/1988,245.81
1/14/1988,245.88
1/15/1988,252.05
1/18/1988,251.88
1/19/1988,249.32
1/20/1988,242.63
1/21/1988,243.14
1/22/1988,246.5
1/25/1988,252.17
1/26/1988,249.57
1/27/1988,249.38
1/28/1988,253.29
1/29/1988,257.07
2/1/1988,255.04
2/2/1988,255.57
2/3/1988,252.21
2/4/1988,252.21
2/5/1988,250.96
2/8/1988,249.1
2/9/1988,251.72
2/10/1988,256.66
2/11/1988,255.95
2/12/1988,257.63
2/15/1988,257.63
2/16/1988,259.83
2/17/1988,259.21
2/18/1988,257.91
2/19/1988,261.61
2/22/1988,265.64
2/23/1988,265.02
2/24/1988,264.43
2/25/1988,261.58
2/26/1988,262.46
2/29/1988,267.82
3/1/1988,267.72
3/2/1988,267.98
3/3/1988,267.88
3/4/1988,267.3
3/7/1988,267.38
3/8/1988,269.43
3/9/1988,269.06
3/10/1988,263.84
3/11/1988,264.94
3/14/1988,266.37
3/15/1988,266.13
3/16/1988,268.85
3/17/1988,271.22
3/18/1988,271.12
3/21/1988,268.74
3/22/1988,268.84
3/23/1988,268.91
3/24/1988,263.35
3/25/1988,258.51
3/28/1988,258.06
3/29/1988,260.07
3/30/1988,258.07
3/31/1988,258.89
4/1/1988,258.89
4/4/1988,256.09
4/5/1988,258.51
4/6/1988,265.49
4/7/1988,266.16
4/8/1988,269.43
4/11/1988,270.16
4/12/1988,271.37
4/13/1988,271.57
4/14/1988,259.75
4/15/1988,259.77
4/18/1988,259.21
4/19/1988,257.92
4/20/1988,256.13
4/21/1988,256.42
4/22/1988,260.14
4/25/1988,262.46
4/26/1988,263.93
4/27/1988,263.8
4/28/1988,262.61
4/29/1988,261.33
5/2/1988,261.56
5/3/1988,263
5/4/1988,260.32
5/5/1988,258.79
5/6/1988,257.48
5/9/1988,256.54
5/10/1988,257.62
5/11/1988,253.31
5/12/1988,253.85
5/13/1988,256.78
5/16/1988,258.71
5/17/1988,255.34
5/18/1988,251.35
5/19/1988,252.57
5/20/1988,253.02
5/23/1988,250.83
5/24/1988,253.51
5/25/1988,253.76
5/26/1988,254.63
5/27/1988,253.42
5/30/1988,253.42
5/31/1988,262.16
6/1/1988,266.69
6/2/1988,265.33
6/3/1988,266.45
6/6/1988,267.05
6/7/1988,265.17
6/8/1988,271.52
6/9/1988,270.2
6/10/1988,271.26
6/13/1988,271.43
6/14/1988,274.3
6/15/1988,274.45
6/16/1988,269.77
6/17/1988,270.68
6/20/1988,268.94
6/21/1988,271.67
6/22/1988,275.66
6/23/1988,274.82
6/24/1988,273.78
6/27/1988,269.06
6/28/1988,272.31
6/29/1988,270.98
6/30/1988,273.5
7/1/1988,271.78
7/4/1988,271.78
7/5/1988,275.81
7/6/1988,272.02
7/7/1988,271.78
7/8/1988,270.02
7/11/1988,270.55
7/12/1988,267.85
7/13/1988,269.32
7/14/1988,270.26
7/15/1988,272.05
7/18/1988,270.51
7/19/1988,268.47
7/20/1988,270
7/21/1988,266.66
7/22/1988,263.5
7/25/1988,264.68
7/26/1988,265.19
7/27/1988,262.5
7/28/1988,266.02
7/29/1988,272.02
8/1/1988,272.21
8/2/1988,272.06
8/3/1988,272.98
8/4/1988,271.93
8/5/1988,271.15
8/8/1988,269.98
8/9/1988,266.49
8/10/1988,261.9
8/11/1988,262.75
8/12/1988,262.55
8/15/1988,258.69
8/16/1988,260.56
8/17/1988,260.77
8/18/1988,261.03
8/19/1988,260.24
8/22/1988,256.98
8/23/1988,257.09
8/24/1988,261.13
8/25/1988,259.18
8/26/1988,259.68
8/29/1988,262.33
8/30/1988,262.51
8/31/1988,261.52
9/1/1988,258.35
9/2/1988,264.48
9/5/1988,264.48
9/6/1988,265.59
9/7/1988,265.87
9/8/1988,265.88
9/9/1988,266.84
9/12/1988,266.47
9/13/1988,267.43
9/14/1988,269.31
9/15/1988,268.13
9/16/1988,270.65
9/19/1988,268.82
9/20/1988,269.73
9/21/1988,270.16
9/22/1988,269.18
9/23/1988,269.76
9/26/1988,268.88
9/27/1988,268.26
9/28/1988,269.08
9/29/1988,272.59
9/30/1988,271.91
10/3/1988,271.38
10/4/1988,270.62
10/5/1988,271.86
10/6/1988,272.39
10/7/1988,278.07
10/10/1988,278.24
10/11/1988,277.93
10/12/1988,273.98
10/13/1988,275.22
10/14/1988,275.5
10/17/1988,276.41
10/18/1988,279.38
10/19/1988,276.97
10/20/1988,282.88
10/21/1988,283.66
10/24/1988,282.28
10/25/1988,282.38
10/26/1988,281.38
10/27/1988,277.28
10/28/1988,278.53
10/31/1988,278.97
11/1/1988,279.06
11/2/1988,279.06
11/3/1988,279.2
11/4/1988,276.31
11/7/1988,273.93
11/8/1988,275.15
11/9/1988,273.33
11/10/1988,273.69
11/11/1988,267.92
11/14/1988,267.72
11/15/1988,268.34
11/16/1988,263.82
11/17/1988,264.6
11/18/1988,266.47
11/21/1988,266.22
11/22/1988,267.21
11/23/1988,269
11/24/1988,269
11/25/1988,267.23
11/28/1988,268.64
11/29/1988,270.91
11/30/1988,273.7
12/1/1988,272.49
12/2/1988,271.81
12/5/1988,274.93
12/6/1988,277.59
12/7/1988,278.13
12/8/1988,276.57
12/9/1988,277.03
12/12/1988,276.52
12/13/1988,276.31
12/14/1988,275.31
12/15/1988,274.28
12/16/1988,276.29
12/19/1988,278.91
12/20/1988,277.47
12/21/1988,277.38
12/22/1988,276.87
12/23/1988,277.87
12/26/1988,277.87
12/27/1988,276.83
12/28/1988,277.08
12/29/1988,279.4
12/30/1988,277.72
